{"loss": [1.3741226196289062, 0.44213736057281494, 0.2615211009979248, 0.18365801870822906, 0.1307738721370697, 0.10357405990362167, 0.08265553414821625, 0.07188990712165833, 0.05938742682337761, 0.0547051727771759], "accuracy": [0.5931716561317444, 0.8598904609680176, 0.9163951873779297, 0.9401237368583679, 0.9563980102539062, 0.965587854385376, 0.9727434515953064, 0.9760438203811646, 0.9804680347442627, 0.9834412336349487], "val_loss": [0.47678884863853455, 0.26473626494407654, 0.2364470511674881, 0.1796124130487442, 0.16315509378910065, 0.12474910914897919, 0.15800504386425018, 0.11274530738592148, 0.104002945125103, 0.1048910990357399], "val_accuracy": [0.8544275164604187, 0.9154336452484131, 0.9240837693214417, 0.9437173008918762, 0.9500341415405273, 0.9605622291564941, 0.9552128314971924, 0.9647734761238098, 0.9712610840797424, 0.968643307685852]}